,text,clean_doc,text_sentiment
0,"- @StarFire2258  of The @Verge  talks about the new #Qi2 wireless charging standard
- @edward_the6  developed a tool to detect #ChatGPT-written text called GPTZero
Join @JasonHowell  here for more #TechNews: https://t.co/90s6c71712",starfire verge talks wireless charging standard edward developed tool detect written text called gptzero join jasonhowell https,Positive
1,"Today I performed surgery on my horse (right hind leg). Sadly #ChatGPT wasn't useful at all, but the horse is still standing so I guess I did fine. https://t.co/0LrJkjcWLZ",today performed surgery horse right hind sadly useful horse still standing guess fine https lrjkjcwlz,Positive
2,"Had two @K9Ventures founders tell me today about how they used #ChatGPT and #dalle2 to help w/some real work and it was amazing. I couldn‚Äôt get excited about crypto ever, but the AI stuff is going to be truly amazing for leveling up productivity and creativity. That‚Äôs exciting!",ventures founders tell today used help real work amazing excited crypto ever stuff going truly amazing leveling productivity creativity exciting,Positive
3,"Had two @K9Ventures founders tell me today about how they used #ChatGPT and #dalle2 to help w/some real work and it was amazing. I couldn‚Äôt get excited about crypto ever, but the AI stuff is going to be truly amazing for leveling up productivity and creativity. That‚Äôs exciting!",ventures founders tell today used help real work amazing excited crypto ever stuff going truly amazing leveling productivity creativity exciting,Positive
4,@cwrichardson @paulg I think the answer is #ChatGPT,cwrichardson paulg think answer,Neutral
5,"Where can you add *your* unique value proposition in a world where everyone starts their base work with a #ChatGPT prompt or by feeding qs, scenarios, instructions, and ideas to the same generative #AI platforms?

I promise this is your most vital resolution this year &amp; beyond.üí°",unique value proposition world everyone starts base work prompt feeding scenarios instructions ideas generative platforms promise vital resolution year beyond,Positive
6,"Generative artificial intelligence is a fascinating breakthrough aimed at changing how people interact with information and how those prompts and responses impact our behavior, thinking, how we work, and our new methodologies.

1st, challenge yourself to add value to #ChatGPT.",generative artificial intelligence fascinating breakthrough aimed changing people interact information prompts responses impact behavior thinking work methodologies challenge value,Positive
7,"Tech journalists have semi-seriously suggested that #ChatGPT might eventually replace Google as an internet-based search tool. Read more &gt;&gt; https://t.co/3OHwRs6LS1.

#cybersecurity #technology",tech journalists semi seriously suggested might eventually replace google internet based search tool read https ohwrs,Negative
8,I guess my work is done here ü§∑üèª‚Äç‚ôÄÔ∏è #ChatGPT https://t.co/ajT4TIHkT6,guess work done https tihkt,Neutral
9,Amazing üòÜ #chatgpt https://t.co/BdQ38QYv3L,amazing https,Positive
10,"Google Introduces #ChatGPT-like ChatBot for #Healthcare

MultiMedQA consists of 6 existing open-question answering datasets along with a new one called HealthSearchQA.

Paper from Google Research &amp; @DeepMind: https://t.co/1L9t8qTFOA

via @Analyticsindiam 

https://t.co/v6gKIZV2iu",google introduces like chatbot multimedqa consists existing open question answering datasets along called healthsearchqa paper google research deepmind https qtfoa analyticsindiam https gkizv,Positive
11,Thanks #chatgpt #crypto #toasterfinance üòÇ https://t.co/70D5oei68o,thanks https,Positive
12,"*
Want a FREE robot AI writing assistant that can help you research, brainstorm &amp; even help you WRITE OUTLINES &amp; DIALOGUE?

For real

It's #ChatGPT 

Heard about it? 

I'll show you how to turn it into your own robot screenwriting assistant

Hit the next Tweet in the chain

(1/2) https://t.co/Rf86ceoguK",want free robot writing assistant help research brainstorm even help write outlines dialogue real heard show turn robot screenwriting assistant next tweet chain https ceoguk,Positive
13,"Hey AI-
Which evidence-based New Year's Resolutions have the best chance of surviving a year and which ones are most helpful in bettering one's life?
#ChatGPT https://t.co/ahgJa8DMtj",evidence based year resolutions best chance surviving year ones helpful bettering life https ahgja dmtj,Positive
14,"Some? 

#ChatGPT is already proving to be a windfall for students and employees seeking shortcuts.

""Some US educators are worried about ChatGPT enabling cheating; an OpenAI researcher says the it is running experiments to determine how to battle misuse"" https://t.co/CReuev578F",already proving windfall students employees seeking shortcuts educators worried chatgpt enabling cheating openai researcher says running experiments determine battle misuse https creuev,Negative
15,"I went to #ChatGPT after striking out at Home Depot, Amazon, and Google. Just what I was looking for! Which one of the three will be most vulnerable when ChatGPT-4 is released next year. https://t.co/iaqV0kfd7m",went striking home depot amazon google looking three vulnerable chatgpt released next year https iaqv,Negative
16,"FREE: Would you enjoy a 1-hour basic, simple English video intro to #GPT3, the underlying tech that makes #ChatGPT work? Well, it's the holidays, so I'm making my popular course free for everyone for a few days. 

https://t.co/CSzx5zcAFr",free would enjoy hour basic simple english video intro underlying tech makes work well holidays making popular course free everyone days https cszx zcafr,Positive
17,"ü§ñ #SentinelLabs tested #ChatGPT to see how it can help reverse engineers and malware analysts. From finding patterns in #malware samples to understanding #vulnerabilities and exploit code, ChatGPT proved valuable. By @milenkowski and @philofishal 

https://t.co/J8witxH9bO",tested help reverse engineers malware analysts finding patterns samples understanding exploit code chatgpt proved valuable milenkowski philofishal https witxh,Positive
18,"#ChatGPT is an AI designed to answer questions based on context and one's earlier conversations with the AI. It holds the power to completely alter the way we interact and function and is the hottest space for a VC to invest in.

#AI #ArtificialIntelligence #investing",designed answer questions based context earlier conversations holds power completely alter interact function hottest space invest,Neutral
19,Developing a late-night talk show and have hired #ChatGPT as the head writer: https://t.co/RsnubgoO6a,developing late night talk show hired head writer https rsnubgoo,Neutral
20,"Is every cloud storage company like @Box @Dropbox @googledrive @iCloud @onedrive and email provider like @gmail @Outlook etc racing to incorporate #ChatGPT as quickly as possible to finally offer semantic search &amp; end the painful effort we make to find our own work, history, etc?",every cloud storage company like dropbox googledrive icloud onedrive email provider like gmail outlook racing incorporate quickly possible finally offer semantic search painful effort make find work history,Positive
21,"What do you think? I dont believe @Google position is threatened just yet, unless #OpenAI starts to take market share of ad spend. Its a fair distance away from that #ChatGPT",think dont believe google position threatened unless starts take market share spend fair distance away,Positive
22,"New episode of Dad I Have a Question podcast: ‚Äúwhat is Chat GPT?‚Äù
#ChatGPT 

https://t.co/khKgI7ef0H",episode question podcast chat https khkgi,Neutral
23,"Loving #AI helping #web3 and #metaverse utility!

Check this out from @unstoppableweb using @ChatwithGPT 

We‚Äôre demoing a  new feature that uses #ChatGPT AI to suggest Web3 domain names based on your search

https://t.co/r5vBGwztOL

Try the demo and tell me what you think üëáüëá https://t.co/Y9j4C3vXYh",loving helping utility check unstoppableweb using chatwithgpt demoing feature uses suggest domain names based search https vbgwztol demo tell think https vxyh,Positive
24,Help #ChatGPT! What do I do? https://t.co/7RpHPHAF9c,help https rphphaf,Positive
25,Interesting thread #ChatGPT - start at top. Below is practical takeaway. https://t.co/GlSiR2jyhQ,interesting thread start practical takeaway https glsir jyhq,Positive
26,"üë©üèø‚Äçüíª Automate reverse engineering tasks. We all want to work more effectively. #ChatGPT can help write scripts in #IDAPython or #java for #Ghidra. 

12/13 https://t.co/YSY707DzbD",automate reverse engineering tasks want work effectively help write scripts https dzbd,Positive
27,"Analyze code segments in malware samples. Ask #ChatGPT about the purpose of functions in pseudocode or disassembly.  

8/13",analyze code segments malware samples purpose functions pseudocode disassembly,Neutral
28,"üó£Ô∏è Translate Between Instruction Sets. Familiar with #Intel but need to learn #arm? Tell #ChatGPT to translate assembly code written in one instruction set to another. 

6/13",translate instruction sets familiar need learn tell translate assembly code written instruction another,Neutral
29,"üß™ Write PoC source code quickly. #ChatGPT can help us to write source code to test our theories, and it knows all your favourite languages #golang, #rust, #python, #c and more. 

5/13",write source code quickly help write source code test theories knows favourite languages,Positive
30,"üòâUnderstand how source code translates to #disassembly. How do changes in source code reflect when viewed through the eyes of a disassembler? You can coax #ChatGPT into disassembling code for you.  

4/13 https://t.co/1rJUpUjvSl",understand source code translates changes source code reflect viewed eyes disassembler coax disassembling code https rjupujvsl,Neutral
31,"üëæ Teach yourself #assembly language. Ask #ChatGPT to convert high-level code into assembly. #arm #intel little endian big endian #nasm #masm. It knows them all. 

3/13",teach language convert high level code assembly little endian endian knows,Neutral
32,"üßµ Everyone‚Äôs chatting about ü§ñ#ChatGPT. Here are 11 things it can do for #malware analysts, #security researchers, and #reverse engineers. A thread &gt;&gt;üëá üßµ 
1/13",everyone chatting things analysts researchers engineers thread,Neutral
33,"Loving #AI helping #web3 and #metaverse utility!

Check this out from @unstoppableweb using @ChatwithGPT 

We‚Äôre demoing a  new feature that uses #ChatGPT AI to suggest Web3 domain names based on your search

https://t.co/IytuyfY0n1

Try the demo and tell me what you think üëáüëá https://t.co/KyZVeR3CcV",loving helping utility check unstoppableweb using chatwithgpt demoing feature uses suggest domain names based search https iytuyfy demo tell think https kyzver,Positive
34,"4/ #chatgpt has stirred up the hornet's nest by posing an existential threat to Google. 

There are rumors of a Code Red at Google.",stirred hornet nest posing existential threat google rumors code google,Negative
35,"2/ OpenAI released #chatgpt. 

OpenAI was aware that this will be interpreted as a Google killer. 

They have not released any details of ChatGPT. 

Just a blog post. 

https://t.co/5xsZ1QOfOz",openai released openai aware interpreted google killer released details chatgpt blog post https qofoz,Negative
36,"openAI or ""open""AI?

1/ OpenAI's #chatgpt release will mark the beginning of the end of the golden age of open research in deep learning.

This will have significant implications for LLM research going forward. 

Here are some thoughts from me, @vivek7ue and @rajhans_samdani üßµ",openai open openai release mark beginning golden open research deep learning significant implications research going forward thoughts vivek rajhans samdani,Positive
37,"ChatGPT, Write a tweet about the Anova Precision Oven: ""It's revolutionizing the way people cook at home, with precise temperature control and easy sous vide cooking. Try it out and see for yourself! #Anova #sousvide #cooking #precision"" 

Accurate? 
#ChatGPT",chatgpt write tweet anova precision oven revolutionizing people cook home precise temperature control easy sous vide cooking accurate,Positive
38,"üì±Can you train #ChatGPT to be your #DigitalAssistant? 

#ChatGPT answers quick questions and it can even writes blogs and essays for you. Can it assist you? üë©‚Äçüíª 

CEO &amp; Lead Analyst, @JimLundy compares ChatGPT to #Siri and #GoogleAssistant: https://t.co/sCQUHZALfY https://t.co/K84JwN58bm",train answers quick questions even writes blogs essays assist lead analyst jimlundy compares chatgpt https scquhzalfy https,Neutral
39,"ChatGPT, Write a tweet about the Anova Precision Oven: ""It's revolutionizing the way people cook at home, with precise temperature control and easy sous vide cooking. Try it out and see for yourself! #Anova #sousvide #cooking #precision"" 

Accurate? 
#ChatGPT",chatgpt write tweet anova precision oven revolutionizing people cook home precise temperature control easy sous vide cooking accurate,Positive
40,"In one Asimov future, the people that used computers would ask it questions and interpret the answers for everyone else. #ChatGPT (this is also one of my favorite short stories)

https://t.co/xtuFaG7q1t",asimov future people used computers would questions interpret answers everyone else also favorite short stories https xtufag,Positive
41,"vidlQ has been working on something exciting!

Get ready to turn your small channel BIG with the help of Al. Think #ChatGPT but trained to be a YouTube Coach!

Check out an early preview build of the vidlQ Al coach for free by registering at https://t.co/x11FCpb0DE https://t.co/QSmh0prqt0",vidlq working something exciting ready turn small channel help think trained youtube coach check early preview build vidlq coach free registering https fcpb https qsmh prqt,Positive
42,"1/ #ChatGPT is closing out 2022 with a bang, but what‚Äôs next? üí• 

@OpenAI‚Äôs #GPT4 is set to be the first big #AI thing in 2023.

So here are some bold, optimistic, yet sensible predictions from me, @vivek7ue and @rajhans_samdani ... üëÄ",closing bang next openai first thing bold optimistic sensible predictions vivek rajhans samdani,Positive
43,"ü§ñNew on #SentinelLabs! We tested #ChatGPT to see how it can help reverse engineers &amp; malware analysts. From finding patterns in #malware samples to understanding #vulnerabilities and exploit code, #ChatGPT proved valuable. By @milenkowski &amp; @philofishal 
https://t.co/J8witxpxNe",tested help reverse engineers malware analysts finding patterns samples understanding exploit code proved valuable milenkowski philofishal https witxpxne,Positive
44,.@pcsathy test drives the new AI phenom #ChatGPT and discovers it could really someday take every job in Hollywood. https://t.co/0L59XBAWmJ,pcsathy test drives phenom discovers could really someday take every hollywood https xbawmj,Neutral
45,Who hasn't at least heard of #ChatGPT let alone composed a poem or 2? üôã #AI has definitely topped the news...so how can #programmers stay ahead of the game? https://t.co/A2FNNbWtum https://t.co/yrHPrAYaO4,least heard alone composed poem definitely topped news stay ahead game https fnnbwtum https yrhprayao,Positive
46,"‚úèÔ∏è We asked #ChatGPT to write a 600 word blog on itself, and boy, did it deliver! #Content #AI #ArtificialIntelligence üìÉ 

ü§ñ Check it out: https://t.co/YEZHBiK5o6 https://t.co/AIsCEB5fH1",asked write word blog deliver check https yezhbik https aisceb,Neutral
47,"#ChatGPT would be the perfect platform to bring widespread #micropayments to the internet, to replace the stranglehold advertising has had over the web.",would perfect platform bring widespread internet replace stranglehold advertising,Positive
48,"When making a request in #OpenAI #ChatGPT, It takes everything in me not to end said request with ùò±ùò≠ùò¶ùò¢ùò¥ùò¶.",making request takes everything said request,Neutral
49,"Not bad, #ChatGPT. But somewhat rote. Sorry to judge. https://t.co/PTrYE1K87B",somewhat rote sorry judge https ptrye,Negative
50,"Training #chatGPT on #zkp ... 

It should be part of every PI/mentor didactic training to train a bot, lot of patience requiredüòÜ https://t.co/B3Q0Ew6sza",training part every mentor didactic training train patience required https,Neutral
51,"TLDR by #chatGPT about how blockchain and decentralized identity can change our world üññ

#cardano #prism #midnight https://t.co/eT42nqMmqz",tldr blockchain decentralized identity change world https nqmmqz,Neutral
52,Ok this one's impressive. #ChatGPT https://t.co/ypYjl3k0X7,impressive https ypyjl,Positive
53,#ChatGPT Today https://t.co/JILV7leo7I,today https jilv,Neutral
54,"Well, if #ChatGPT said it....

@OpenAI #AI #DigitalTransformation https://t.co/8ioEwnj5dP",well said openai https ioewnj,Positive
55,"#ChatGPT just crossed over 1 million users/testers, helping to both train the platform and also promote it. üí° https://t.co/L6NdtWcIxJ",crossed million users testers helping train platform also promote https ndtwcixj,Positive
56,"Me: ""ChatGPT, explain #chatgpt to the average user.""

ChaptGPT: ""ChatGPT is a chatbot that uses natural language processing (NLP) to generate esponses to user input in a conversational manner. It is based on the GPT-3 language model, which has been trained on a large...""üëá https://t.co/wzabGlH3kQ",chatgpt explain average user chaptgpt chatgpt chatbot uses natural language processing generate esponses user input conversational manner based language model trained large https wzabglh,Positive
57,"@JoeSaluzzi Speaking of #ChatGPT, which I'm sure there's fatigue over already, whatever happened to IBM's Watson, that was supposed to take over the world? (https://t.co/8uhT4szwL1)",joesaluzzi speaking sure fatigue already whatever happened watson supposed take world https szwl,Positive
58,I keep thinking google has lots of reason to be scared‚Ä¶ #ChatGPT #OpenAIChatGPT $goog,keep thinking google lots reason scared goog,Negative
59,"From #ChatGPT 
How can I help someone who may be considering suicide?
#OpenAI https://t.co/jvdAhnZ0Vf",help someone considering suicide https jvdahnz,Negative
60,@hjpimentel This answer and the 5 thread description of it was produced by #ChatGPT,hjpimentel answer thread description produced,Neutral
61,#ChatGPT starts a new religion? https://t.co/HbTZjKZxvE,starts religion https hbtzjkzxve,Neutral
62,"After years of preaching that conversational search was¬†its future, Google stood by as the world¬†discovered #ChatGPT. https://t.co/1zJvCSVcBL",years preaching conversational search future google stood world discovered https zjvcsvcbl,Neutral
63,"üëÄ A Glimpse Into the Future of Work Is Here.
 
CEO &amp; Lead Analyst, @JimLundy discusses the future of #DigitalAssistants with OpenAI‚Äôs new chatbot, #ChatGPT - including how it compares to Google's #GoogleAssistant &amp; Apple's #Siri. ü§ñ

See the comparisons: https://t.co/sCQUHZBj5w",glimpse future work lead analyst jimlundy discusses future openai chatbot including compares google apple comparisons https scquhzbj,Neutral
64,Messing with #ChatGPT https://t.co/1iaZWC5oox,messing https iazwc,Neutral
65,"Interesting note about #ChatGPT: its data only goes up to Sept 2021

Important for creators to remember because alot of our content is giving our take on trends, news, etc https://t.co/V2e8BON2UU",interesting note data goes sept important creators remember alot content giving take trends news https,Positive
66,I asked. #ChatGPT https://t.co/wMqKZvO4KG,asked https wmqkzvo,Neutral
67,"AI PR reviews. What could go wrong? #chatGPT 

https://t.co/ETunZ6hVUy",reviews could wrong https etunz hvuy,Negative
68,"So I asked #ChatGPT ""how do you grow a youtube channel quickly?"" Here was the response. @robertoblake @NickNimmin @DeeNimmin, what do you think? I notice sub for the sub is not one of the tips lol. #YouTube #ContentCreators #artificalintelligence https://t.co/wHovsJsq5E",asked grow youtube channel quickly response robertoblake nicknimmin deenimmin think notice tips https whovsjsq,Neutral
69,Post your best #TrueNAS poem that is created with #ChatGPT below! üëá,post best poem created,Positive
70,We didn't think we could love #Lakehouse anymore.... until we read @OpenAI's #ChatGPT Lakehouse poem ü•∫ https://t.co/4BsIXuFppC,think could love anymore read openai lakehouse poem https bsixufppc,Positive
71,"Crisis averted üòÖ

Thanks #ChatGPT! https://t.co/Hh7XD2yhDm https://t.co/zNwHkztWyU",crisis averted thanks https yhdm https znwhkztwyu,Negative
72,#ChatGPT isn‚Äôt just for asking questions and getting compelling generative #AI generated answers‚Ä¶ Here is a useful thread on ‚Äú10 mindblowing things you can do with ChatGPT‚Äù‚Ä¶ https://t.co/0SnoB1X883,asking questions getting compelling generative generated answers useful thread mindblowing things chatgpt https snob,Positive
73,I asked #ChatGPT this and got that. Lol https://t.co/fIIjn2AqDZ,asked https fiijn aqdz,Neutral
74,The power of this (presently) free tool #ChatGPT is astonishing. See below https://t.co/pCwk8a4BKy,power presently free tool astonishing https pcwk,Positive
75,"Just saw a shooting star and made a wish for world peace. Let's all strive to make it come true, together.

#spreadlove #worldpeace #OpenAI #ChatGPT https://t.co/58XsOctrim",shooting star made wish world peace strive make come true together https xsoctrim,Positive
76,"Great video explainer by @stbearman about @OpenAI 's #ChatGPT and what it can be used for. 

Admittedly, she did not mention its facility for generating doggerel about private parts, but I understand that is not a key function for most people. https://t.co/ujaAdrIKs2",great video explainer stbearman openai used admittedly mention facility generating doggerel private parts understand function people https ujaadriks,Positive
77,How soon before someone builds a gmail or outlook plug in where you can draft email replies via #ChatGPT?,soon someone builds gmail outlook plug draft email replies,Neutral
78,"My first experience with #ChatGPT 
(This story was made-up by a computer in five seconds.) https://t.co/mcP8H99HAf",first experience story made computer five seconds https,Neutral
79,"Come hither to our safe haven, where your wrinkles and imperfections are welcome and the terms of service and monthly fees are nil and kind. 

#lensa #ai #AIart #stablediffusion #AIArtwork #OpenAI #ChatGPT #ArtificialIntelligence #Futurism https://t.co/7x26443ShE",come hither safe wrinkles imperfections welcome terms service monthly fees kind https,Positive
80,How does #ChatGPT work? https://t.co/Ne5zSEgK4a,work https zsegk,Neutral
81,"We had #ChatGPT design a Pokemon based on us. Thoughts?

""A Pokemon called 'R Streetor,' which could be a Rock-type Pokemon with a stony, rectangular appearance to represent the ""street"" in its name. Its special power could be the ability to manipulate policy and regulations"" https://t.co/MNphyuAjwo",design pokemon based thoughts pokemon called streetor could rock type pokemon stony rectangular appearance represent street name special power could ability manipulate policy regulations https mnphyuajwo,Positive
82,Someone needs to give Elmo these tips #ChatGPT https://t.co/dnxms4t0SI,someone needs give elmo tips https dnxms,Neutral
83,"Come on Congress, it‚Äôs not like it‚Äôs hard: #ChatGPT https://t.co/xXALvsVilB",come congress like hard https xxalvsvilb,Positive
84,I am disappointed the AI doesn‚Äôt know that Zelda is not Link. #ChatGPT https://t.co/nWWGzuJD4n,disappointed know zelda link https nwwgzujd,Negative
85,"Seriously, watch my basic, easy-to-understand video introduction to GPT3, and you'll begin to understand what is happening under the hood of #ChatGPT. I developed this course for this moment. Watch here: https://t.co/yIJDFbor3s https://t.co/SUPe0STJGr",seriously watch basic easy understand video introduction begin understand happening hood developed course moment watch https yijdfbor https supe stjgr,Positive
86,"There‚Äôs been a lot of buzz about artificial intelligence tools #ChatGPT and PrismaAI. These and other AI tools present thorny ethical issues. Caltech experts caution #AI itself is neither good nor bad, it will all come down to use and regulation. https://t.co/lXdhTFA7Zp",buzz artificial intelligence tools prismaai tools present thorny ethical issues caltech experts caution neither good come regulation https lxdhtfa,Positive
87,Holy crap @adamscrabble #ChatGPT https://t.co/a3D1InPLAU,holy crap adamscrabble https inplau,Negative
88,"If you find you‚Äôre uneasy with all these AI avatars from #lensaai, and the incredible abilities of #ChatGPT, just a friendly-yet-nervous reminder that I wrote a book, The Loop, about the long-term risks of handing ourselves over to these sorts of systems. https://t.co/A50mHHdZkN",find uneasy avatars incredible abilities friendly nervous reminder wrote book loop long term risks handing sorts systems https mhhdzkn,Negative
89,"Comedians are safe, for now.

#ChatGPT https://t.co/JhFTAsQdkv",comedians safe https jhftasqdkv,Positive
90,Will the real Slim Shady please stand up? #ChatGPT #containers https://t.co/m9g6JmkitC,real slim shady please stand https jmkitc,Positive
91,#ChatGPT explaining personalized medicine https://t.co/pq2W5EfklP,explaining personalized medicine https efklp,Neutral
92,"Not bad, #ChatGPT‚Ä¶ https://t.co/vHNYaGJXC7",https vhnyagjxc,Neutral
93,"Our yearly UX trends report, but written by the #ChatGPT AI | UX Collective  https://t.co/EUhJ3xEPAW",yearly trends report written collective https euhj xepaw,Neutral
94,"Even this #OpenAI chatbot knows that #selfcustody is the way to go with #crypto üòÖ üòÇ 

#ChatGPT https://t.co/GuCRELtfPV",even chatbot knows https gucreltfpv,Neutral
95,"üîé Chatbots vs. Search Engines? 

OpenAI just announced its new #chatbot program called #ChatGPT.

Aragon‚Äôs analyst, @aragonadamp, discusses whether these models have a chance of dethroning legacy search industry leaders like #Google.

üëâ Read here: https://t.co/pxHuj7c0vH",chatbots search engines openai announced program called aragon analyst aragonadamp discusses whether models chance dethroning legacy search industry leaders like read https pxhuj,Positive
96,"Do we need police killer #robots, which #VR headset does Georgia prefer, and who Is the woman haunting #A.I.-Generated Art? Plus, Leo plays around with #ChatGPT. Listen to @LeoLaporte, @Georgia_Dow , @Ohdoctah, and @ReneRitchie here: https://t.co/hCJJRkHMXW",need police killer headset georgia prefer woman haunting generated plus plays around listen leolaporte georgia ohdoctah reneritchie https hcjjrkhmxw,Negative
